especie,foto,autor,licencia,foto_url,observacion_url
abeto,planta,"Patrick Le Mao",CC0,https://www.inaturalist.org/photos/603343091,https://www.inaturalist.org/observations/d3ff52c7-82d8-442d-978e-77a1949f3dbf
abeto,hoja,"Patrick Le Mao",CC0,https://www.inaturalist.org/photos/592587289,https://www.inaturalist.org/observations/320f81e3-0fc7-4fd2-a9f7-8ad31129fcbf
acebo,planta,"Ametsak",CC0,https://www.inaturalist.org/photos/355455776,https://www.inaturalist.org/observations/b731fcd2-65be-4728-bd19-abd2fa2bb34c
acebo,hoja,"Quentin Groom",CC0,https://www.inaturalist.org/photos/134541899,https://www.inaturalist.org/observations/ada3f181-c3ca-47ce-b0b4-6faac20924aa
alamo,planta,"Quentin Groom",CC0,https://www.inaturalist.org/photos/435685841,https://www.inaturalist.org/observations/58f46e69-a025-4618-8432-1c77efb8fab3
alamo,hoja,"Robert H. Wardell",CC0,https://www.inaturalist.org/photos/402880865,https://www.inaturalist.org/observations/007774e8-f4ce-4797-b0fd-534b4713c2ee
aliso,planta,"Héctor Ibáñez Cantero",CC0,https://www.inaturalist.org/photos/383636801,https://www.inaturalist.org/observations/ea0ae705-d467-4fc5-9103-f6c44663f5f3
aliso,hoja,"Al Kordesch",CC0,https://www.inaturalist.org/photos/50925497,https://www.inaturalist.org/observations/2078cbca-5e3b-45d4-a9d0-6314750d452a
amapola,planta,"Pieter Huybrechts",CC0,https://www.inaturalist.org/photos/134541506,https://www.inaturalist.org/observations/4202e828-f91a-4b09-a66c-be2e027db665
amapola,hoja,"Ametsak",CC0,https://www.inaturalist.org/photos/401020820,https://www.inaturalist.org/observations/08323e5c-28fa-4fef-9f08-f58fd5c189f6
anemona,planta,"pete_gateley",CC0,https://www.inaturalist.org/photos/401254574,https://www.inaturalist.org/observations/3bf9825a-01b2-4074-8b5e-b146b9d8b554
anemona,hoja,"pete_gateley",CC0,https://www.inaturalist.org/photos/209896064,https://www.inaturalist.org/observations/19545fad-9322-4711-8645-8e93abd8d64e
arandano,planta,"Cyril Buslaitue",CC0,https://www.inaturalist.org/photos/88251170,https://www.inaturalist.org/observations/d161d9d7-0fa4-4768-9951-bae9e89bc451
arandano,hoja,"John Kenrick Gibson",CC0,https://www.inaturalist.org/photos/402547779,https://www.inaturalist.org/observations/5c82a905-c404-4445-a041-08798014ae21
arce,planta,"Florent",CC0,https://www.inaturalist.org/photos/676817578,https://www.inaturalist.org/observations/da5bcf8e-3567-44af-81e3-1adc93d1d4c8
arce,hoja,"Ametsak",CC0,https://www.inaturalist.org/photos/400196952,https://www.inaturalist.org/observations/4b6f7416-3bb2-4ee3-b73c-e10a19cbcdcc
avellano,planta,"Florent",CC0,https://www.inaturalist.org/photos/531729182,https://www.inaturalist.org/observations/8c857dcc-aca8-47c9-95b2-22fa8de48fbd
avellano,hoja,"Quentin Groom",CC0,https://www.inaturalist.org/photos/367552638,https://www.inaturalist.org/observations/db72013f-53d2-4d08-82af-8f1e48b596a5
boj,planta,"Ametsak",CC0,https://www.inaturalist.org/photos/401020062,https://www.inaturalist.org/observations/bd6cbfb6-32a6-4de2-9234-bf30484be7f4
boj,hoja,"Ametsak",CC0,https://www.inaturalist.org/photos/401020021,https://www.inaturalist.org/observations/bd6cbfb6-32a6-4de2-9234-bf30484be7f4
brezo,planta,"Piermario Maculan",CC0,https://www.inaturalist.org/photos/707339128,https://www.inaturalist.org/observations/c357e8ae-bf4e-41c1-83ab-3e164354303e
brezo,hoja,"Piermario Maculan",CC0,https://www.inaturalist.org/photos/707418470,https://www.inaturalist.org/observations/7bfa057b-60b8-49f9-8c0d-10ac60f42442
campanilla,planta,"Patrick Le Mao",CC0,https://www.inaturalist.org/photos/534315487,https://www.inaturalist.org/observations/c000bac3-9f2b-4135-ba03-924d337d171a
campanilla,hoja,"Patrick Le Mao",CC0,https://www.inaturalist.org/photos/534315490,https://www.inaturalist.org/observations/c000bac3-9f2b-4135-ba03-924d337d171a
cardo,planta,"Murielle Desrois",CC0,https://www.inaturalist.org/photos/132347228,https://www.inaturalist.org/observations/072f4dfb-a254-4f3e-a895-0a39b39b89ab
cardo,hoja,"José Antonio León Mangado",CC0,https://www.inaturalist.org/photos/181073767,https://www.inaturalist.org/observations/7935160b-b1f0-4a2b-89f1-64bf785fd44b
castano,planta,"Manuel Cardeñosa",CC0,https://www.inaturalist.org/photos/550263277,https://www.inaturalist.org/observations/40166f87-d6d8-4c2c-99cb-472126c76c18
castano,hoja,"Troy Murphy",CC0,https://www.inaturalist.org/photos/516047439,https://www.inaturalist.org/observations/a404c26a-1716-460e-852e-d0a90d3f7ca8
chopo,planta,"Christine",CC0,https://www.inaturalist.org/photos/525084609,https://www.inaturalist.org/observations/0b5fe2d7-a032-4dcc-8f34-5fe9617bc16d
chopo,hoja,"clarko13",CC0,https://www.inaturalist.org/photos/670955180,https://www.inaturalist.org/observations/8351be0e-246d-465f-b4e4-e94b9828582b
digital,planta,"Felix Puff",CC0,https://www.inaturalist.org/photos/148279261,https://www.inaturalist.org/observations/12bfa612-ad38-4b00-8835-7afbaa981169
digital,hoja,"Héctor Ibáñez Cantero",CC0,https://www.inaturalist.org/photos/398554517,https://www.inaturalist.org/observations/91a4a7e5-f773-4705-8ef0-0ae144cfa700
edelweiss,planta,"Patrick Le Mao",CC0,https://www.inaturalist.org/photos/264356048,https://www.inaturalist.org/observations/f6791f79-02e5-49f1-819e-83fd91551aa3
edelweiss,hoja,"ROMAGNOLO Filippo",CC0,https://www.inaturalist.org/photos/542673958,https://www.inaturalist.org/observations/c1e34ddd-48b3-410a-9071-f6b1c4015539
eguzkilore,planta,"dbmhartley",CC0,https://www.inaturalist.org/photos/93280206,https://www.inaturalist.org/observations/c5c59d4f-1e88-4a20-b33e-619d538fe53a
eguzkilore,hoja,"Étienne Lacroix-Carignan",CC0,https://www.inaturalist.org/photos/607212967,https://www.inaturalist.org/observations/0cb06ae5-ac6a-40c3-b2fe-6d8091fa9b7c
encina,planta,"peresol",CC0,https://www.inaturalist.org/photos/34575166,https://www.inaturalist.org/observations/5b281813-5e29-41a7-87df-3823cf7b4163
encina,hoja,"Robert H. Wardell",CC0,https://www.inaturalist.org/photos/399475442,https://www.inaturalist.org/observations/b04dde23-bf19-4a2e-8e5e-f8d39cd9bffc
endrino,planta,"Florent",CC0,https://www.inaturalist.org/photos/359255379,https://www.inaturalist.org/observations/a18b7212-a3c3-4c68-9ad4-48c5bca95feb
endrino,hoja,"Aaron S",CC0,https://www.inaturalist.org/photos/410942034,https://www.inaturalist.org/observations/7290e7ae-b909-46be-8a8b-aefc9c52c819
enebro,planta,"Héctor Ibáñez Cantero",CC0,https://www.inaturalist.org/photos/488656433,https://www.inaturalist.org/observations/d2405fd4-542a-4ed6-a13a-d197a8763dbc
enebro,hoja,"Quentin Groom",CC0,https://www.inaturalist.org/photos/133855677,https://www.inaturalist.org/observations/0d1a01cb-e1c0-4b1a-8d97-2f72a831e1e3
espino,planta,"Florent",CC0,https://www.inaturalist.org/photos/638953129,https://www.inaturalist.org/observations/79871848-82f4-4c0f-ba52-465d144f2918
espino,hoja,"Ametsak",CC0,https://www.inaturalist.org/photos/319973014,https://www.inaturalist.org/observations/b7b7b18c-7ae0-4d27-98b9-0511259086b7
fresno,planta,"Kian Hayles-Cotton",CC0,https://www.inaturalist.org/photos/681506723,https://www.inaturalist.org/observations/67b5f974-3a45-47f7-af2b-c35936d3ddfd
fresno,hoja,"Arnau Duran",CC0,https://www.inaturalist.org/photos/74670947,https://www.inaturalist.org/observations/e502e343-69f9-40df-862c-659ff1ff68a1
genciana,planta,"John Kenrick Gibson",CC0,https://www.inaturalist.org/photos/524540520,https://www.inaturalist.org/observations/0414c752-89bc-455d-a7a1-6e4f88eb8d5b
genciana,hoja,"Étienne Lacroix-Carignan",CC0,https://www.inaturalist.org/photos/112579362,https://www.inaturalist.org/observations/b7c3c500-c8fd-4c8d-a553-02ac77505064
haya,planta,"Ametsak",CC0,https://www.inaturalist.org/photos/400156098,https://www.inaturalist.org/observations/c7f898cc-5cc1-4c2f-856d-1fa6d27d749f
haya,hoja,"Ametsak",CC0,https://www.inaturalist.org/photos/289624239,https://www.inaturalist.org/observations/cc9052e5-81f6-4571-a8f7-4337e41d41de
helecho,planta,"Florent",CC0,https://www.inaturalist.org/photos/291009541,https://www.inaturalist.org/observations/a1a4082f-b331-4331-bbf4-16b525d094cd
helecho,hoja,"Florent",CC0,https://www.inaturalist.org/photos/498309528,https://www.inaturalist.org/observations/7919467e-5621-4b33-8b50-b539edaba631
jara,planta,"J Mark Earlam",CC0,https://www.inaturalist.org/photos/665086370,https://www.inaturalist.org/observations/a3cc1fb8-7816-4fed-8d65-9661b34a0e6e
jara,hoja,"Christian Ledergerber",CC0,https://www.inaturalist.org/photos/450516273,https://www.inaturalist.org/observations/8bbc2f99-e108-4352-83dd-73eca51a422c
lavanda,planta,"Quentin Groom",CC0,https://www.inaturalist.org/photos/167610160,https://www.inaturalist.org/observations/f600ab6f-0f6c-47b0-aa3a-6945f5b7db18
lavanda,hoja,"Quentin Groom",CC0,https://www.inaturalist.org/photos/458640740,https://www.inaturalist.org/observations/0d0f707a-5461-46e3-acae-7bbdf09841aa
lino,planta,"pete_gateley",CC0,https://www.inaturalist.org/photos/399200250,https://www.inaturalist.org/observations/96779fbe-9e11-4f48-b4ad-19751a1041a5
lino,hoja,"Florent",CC0,https://www.inaturalist.org/photos/370123416,https://www.inaturalist.org/observations/18a8fcb2-03f7-4aa1-b8e7-72a1c747aecc
lirio,planta,"b52_tresa",CC0,https://www.inaturalist.org/photos/671617230,https://www.inaturalist.org/observations/0dc05cb3-aae3-4c8c-84c3-847795ee92df
lirio,hoja,"Christopher Foott",CC0,https://www.inaturalist.org/photos/677087893,https://www.inaturalist.org/observations/9c9d7edd-e64e-4727-924e-2685b42198ad
malva,planta,"Murielle Desrois",CC0,https://www.inaturalist.org/photos/407349500,https://www.inaturalist.org/observations/df85b280-fdb4-4373-8b1d-7208d7e3c155
malva,hoja,"Ametsak",CC0,https://www.inaturalist.org/photos/442870701,https://www.inaturalist.org/observations/e40bc33a-9f37-43ad-bd67-964ee98c034b
margarita,planta,"Pieter Huybrechts",CC0,https://www.inaturalist.org/photos/135061541,https://www.inaturalist.org/observations/af7f2975-46f4-4d60-a064-2f03cd5230a6
margarita,hoja,"Robert H. Wardell",CC0,https://www.inaturalist.org/photos/38325209,https://www.inaturalist.org/observations/eee90970-49b4-484e-99eb-b9452eb076c2
narciso,planta,"José Antonio León Mangado",CC0,https://www.inaturalist.org/photos/180938389,https://www.inaturalist.org/observations/282e8311-0dd0-4b39-9cb9-8db3050a8115
narciso,hoja,"Patrick Le Mao",CC0,https://www.inaturalist.org/photos/621493671,https://www.inaturalist.org/observations/4d1613e8-98ee-4668-b00b-430f54a369bb
olivo,planta,"Kaze 719",CC0,https://www.inaturalist.org/photos/646399812,https://www.inaturalist.org/observations/3f34d4e9-a763-4687-abfd-4bd897623dbc
olivo,hoja,"Gerard Gaya Gas",CC0,https://www.inaturalist.org/photos/290912235,https://www.inaturalist.org/observations/4288bc04-6896-44df-a3d3-dc050a528bc6
ontina,planta,"Sarah C.",CC0,https://www.inaturalist.org/photos/502041119,https://www.inaturalist.org/observations/18329feb-ccda-4c92-8a91-e84f6a2bb13f
orquidea,planta,"Ametsak",CC0,https://www.inaturalist.org/photos/396149102,https://www.inaturalist.org/observations/30e0fd49-f627-4d2c-9e80-a6bb2bb7dd2c
orquidea,hoja,"Coline Rey",CC0,https://www.inaturalist.org/photos/659565432,https://www.inaturalist.org/observations/63943770-443f-4e4d-8d2a-63d85c285f50
pino_carrasco,planta,"Christian Ledergerber",CC0,https://www.inaturalist.org/photos/449100435,https://www.inaturalist.org/observations/0cc130b7-942b-45bc-8bb5-83e2fca750d2
pino_carrasco,hoja,"Ametsak",CC0,https://www.inaturalist.org/photos/423463714,https://www.inaturalist.org/observations/a9161efa-e917-421c-82be-bd3ac3b99475
pino_negro,planta,"AJ Beavan",CC0,https://www.inaturalist.org/photos/559303149,https://www.inaturalist.org/observations/6ccf17f9-a820-41b6-9063-f876dd2a58b1
pino_negro,hoja,"Pedro",CC0,https://www.inaturalist.org/photos/559764649,https://www.inaturalist.org/observations/191a6be0-f248-4aab-b0f2-bc08ba30836b
pino_silvestre,planta,"Patrick Le Mao",CC0,https://www.inaturalist.org/photos/619006317,https://www.inaturalist.org/observations/69dce891-fb8f-4ce6-ab91-943e5f5f4618
pino_silvestre,hoja,"peresol",CC0,https://www.inaturalist.org/photos/68482163,https://www.inaturalist.org/observations/e366d44b-8b50-409d-bf10-f1da041d27d3
primula,planta,"Heather DeGaetano",CC0,https://www.inaturalist.org/photos/265094982,https://www.inaturalist.org/observations/80105e2d-c65d-443a-a607-49e5b5041c7b
primula,hoja,"Florent",CC0,https://www.inaturalist.org/photos/465181571,https://www.inaturalist.org/observations/dc3a62d2-4ee4-46d0-90e2-e3eb5c3ffdb9
quejigo,planta,"Tomas Pocius",CC0,https://www.inaturalist.org/photos/568084015,https://www.inaturalist.org/observations/567adcb5-93ad-4e7f-bbc3-d318db2e5cd5
quejigo,hoja,"Quentin Groom",CC0,https://www.inaturalist.org/photos/167604299,https://www.inaturalist.org/observations/eaeb30d9-13af-4c13-8c4c-65ded237005b
roble,planta,"Florent",CC0,https://www.inaturalist.org/photos/446263907,https://www.inaturalist.org/observations/dbf086ca-d083-425c-bc52-3f005aba0083
roble,hoja,"Ametsak",CC0,https://www.inaturalist.org/photos/400528471,https://www.inaturalist.org/observations/75af4d15-f615-4fc1-a934-2a7199a6b4e7
rododendro,planta,"Sébastien Dohin",CC0,https://www.inaturalist.org/photos/401986016,https://www.inaturalist.org/observations/2031ac85-052c-437b-9e4d-e30ba402eca8
rododendro,hoja,"Quentin Groom",CC0,https://www.inaturalist.org/photos/134526686,https://www.inaturalist.org/observations/37607652-13e3-486d-a13f-78603e3033c9
romero,planta,"Pavel Kúr",CC0,https://www.inaturalist.org/photos/633338825,https://www.inaturalist.org/observations/e0714d35-e0c1-41eb-92d8-4bb885f983ef
romero,hoja,"peresol",CC0,https://www.inaturalist.org/photos/112604756,https://www.inaturalist.org/observations/0a225cce-e2f9-497e-8e46-4e0b91f00e81
sauce,planta,"Robert H. Wardell",CC0,https://www.inaturalist.org/photos/316089811,https://www.inaturalist.org/observations/924e6ff7-b08d-4857-b107-686b29faaacd
sauce,hoja,"Robert H. Wardell",CC0,https://www.inaturalist.org/photos/311007131,https://www.inaturalist.org/observations/3a60283e-007a-48cf-bbd7-98e5cbf1e1d4
siempreviva,planta,"Étienne Lacroix-Carignan",CC0,https://www.inaturalist.org/photos/58802090,https://www.inaturalist.org/observations/58ee0e7d-c041-4f0d-902f-5af365d423c9
siempreviva,hoja,"Héctor Ibáñez Cantero",CC0,https://www.inaturalist.org/photos/316332391,https://www.inaturalist.org/observations/cd376a7e-b409-4a72-a6d7-782ee6179657
tamariz,planta,"Robert H. Wardell",CC0,https://www.inaturalist.org/photos/302474511,https://www.inaturalist.org/observations/2dc6126f-9a09-43a3-ad77-f14c96bddfe5
tamariz,hoja,"Robert H. Wardell",CC0,https://www.inaturalist.org/photos/405795196,https://www.inaturalist.org/observations/1d80ce11-eead-4942-817a-c199928f4bef
tejo,planta,"Jose Labra",CC0,https://www.inaturalist.org/photos/173063795,https://www.inaturalist.org/observations/c141fe90-a471-4e1d-9cb1-61a5294917ae
tejo,hoja,"Patrick Le Mao",CC0,https://www.inaturalist.org/photos/532394136,https://www.inaturalist.org/observations/4e865bbf-0f9a-47b9-b2fc-abe0bd9dc541
tojo,planta,"Florent",CC0,https://www.inaturalist.org/photos/359818898,https://www.inaturalist.org/observations/9051c0b6-69f6-4a78-aecf-8244828c6470
tojo,hoja,"michael_martinez64",CC0,https://www.inaturalist.org/photos/626356023,https://www.inaturalist.org/observations/1d55562b-9f9b-43d0-be15-2c5fa80eab47
tomillo,planta,"Jacqueline Jeanne",CC0,https://www.inaturalist.org/photos/377032694,https://www.inaturalist.org/observations/02d7fa65-ebdb-415e-93fc-d1080200c277
tomillo,hoja,"Quentin Groom",CC0,https://www.inaturalist.org/photos/135091647,https://www.inaturalist.org/observations/0c130237-588f-48d1-b490-5f0514d42c2a
violeta,planta,"Eric Magnien",CC0,https://www.inaturalist.org/photos/269850508,https://www.inaturalist.org/observations/182810b7-6016-48f9-89cf-8ca01a9c520a
violeta,hoja,"Christine",CC0,https://www.inaturalist.org/photos/650680446,https://www.inaturalist.org/observations/e2fde5f1-2b91-4432-9b50-02e07cba5656
