recurso;tipo;autor;url;licencia;fecha_descarga;captura_licencia;cambios_hechos;donde_se_usa;estado
three.js 0.180;librería JavaScript (3D);three.js authors (Ricardo Cabello y colaboradores);https://github.com/mrdoob/three.js;MIT;2026-09-29;node_modules/three/LICENSE (copia incluida con el paquete npm);sin cambios; se usan también los cargadores y utilidades de three/examples/jsm (GLTFLoader, SkeletonUtils, BufferGeometryUtils, meshopt);motor 3D de todo el juego (autoalojado: se empaqueta con Vite, no se carga de ningún CDN);VERDE · falta conservar el aviso MIT en la pantalla de créditos
Vite 8;herramienta de compilación (solo desarrollo);Evan You y colaboradores;https://github.com/vitejs/vite;MIT;2026-09-29;node_modules/vite/LICENSE.md;sin cambios;compilar la versión web y el archivo único; no se distribuye con el juego;VERDE
vite-plugin-singlefile;complemento de compilación (solo desarrollo);Richard Tallent;https://github.com/richardtallent/vite-plugin-singlefile;MIT;2026-09-29;node_modules/vite-plugin-singlefile/LICENSE;sin cambios;generar MENDIMENDIZ-jugar.html; no se distribuye;VERDE
@gltf-transform (core, extensions, functions) 4.5;herramienta de modelos (solo desarrollo);Don McCurdy;https://github.com/donmccurdy/glTF-Transform;MIT;2026-10-01;node_modules/@gltf-transform/core/LICENSE;sin cambios;comprimir y revisar modelos GLB en tools/; no se distribuye;VERDE
meshoptimizer 1.3;compresión de mallas (desarrollo) y descompresor (en el juego, dentro de three/examples);Arseny Kapoulkine;https://github.com/zeux/meshoptimizer;MIT;2026-10-01;node_modules/meshoptimizer/LICENSE.md;sin cambios;comprimir los GLB; el descompresor viaja con three.js;VERDE
gltf-validator;validador de modelos (solo desarrollo);Khronos Group;https://github.com/KhronosGroup/glTF-Validator;Apache-2.0;2026-10-01;node_modules/gltf-validator/LICENSE;sin cambios;comprobar modelos en tools/; no se distribuye;VERDE
playwright-core;navegador automatizado (solo desarrollo y pruebas);Microsoft;https://github.com/microsoft/playwright;Apache-2.0;2026-09-29;node_modules/playwright-core/LICENSE;sin cambios;capturas y pruebas automáticas en tools/; no se distribuye;VERDE
Lilita One (vía @fontsource/lilita-one 5.3);tipografía;Juan Montoreano;https://fonts.google.com/specimen/Lilita+One;SIL Open Font License 1.1 (nombre reservado «Lilita One»);2026-09-29;node_modules/@fontsource/lilita-one/LICENSE;sin cambios (woff2 tal cual); autoalojada, no se pide a Google Fonts;títulos y botones de toda la interfaz;VERDE · incluir aviso OFL en créditos
Nunito (vía @fontsource/nunito 5.3);tipografía;The Nunito Project Authors (Vernon Adams y otros);https://github.com/googlefonts/nunito;SIL Open Font License 1.1;2026-09-29;node_modules/@fontsource/nunito/LICENSE;sin cambios; autoalojada;textos de toda la interfaz;VERDE · incluir aviso OFL en créditos
KayKit Adventurers Character Pack 2.0 (Barbarian, Knight, Mage, Ranger, Rogue, Rogue_Hooded, rigs y animaciones);modelos 3D con animaciones;Kay Lousberg;https://kaylousberg.itch.io/kaykit-adventurers;CC0 1.0;2026-10-01;src/assets/kaykit/LICENSE_KayKit_CC0.txt;recortados los clips, recoloreados y vestidos con trajes de cada comarca (texturas propias); retratos renderizados por el juego;vecinos y público, cuatro avatares elegibles, retratos (src/assets/kaykit/portraits);VERDE · atribución voluntaria en créditos
Quaternius Ultimate Animated Animals (Alpaca, Bull, Cow, Deer, Donkey, Fox, Goat, Horse, Husky, Pig, Sheep, ShibaInu, Stag, Wolf);modelos 3D con animaciones;Quaternius;https://quaternius.com/packs/ultimateanimatedanimals.html;CC0 1.0;2026-10-01;src/assets/animals/LICENSE_Quaternius_CC0.txt;comprimidos; Jabali.glb y el cerdo (euskal txerria) se derivan del esqueleto de la vaca con cuerpo propio;animales de granja, fauna, perros y toros;VERDE · atribución voluntaria en créditos
Quaternius Food Pack;modelos 3D;Quaternius;https://quaternius.com/packs/foodpack.html;CC0 1.0;2026-10-01;src/assets/food/LICENSE_Quaternius_Food_CC0.txt;fusionado en un solo GLB (food.glb);mochila, tiendas y mercados;VERDE · atribución voluntaria en créditos
Personajes Meshy (sanfermin, pastor, pelotari, pelotari_rojo, osasuna, osasuna_fuera + versiones lod y retratos, también los grandes de la portada del menú: *_hero.webp);modelos 3D generados con IA (Meshy) por el autor del proyecto;autor del proyecto (generación con Meshy);https://www.meshy.ai (condiciones del plan contratado) (VERIFICAR);2026-10-02;PENDIENTE: guardar copia fechada en legal/terminos/ de las condiciones de Meshy del plan usado;recortados y comprimidos; el 2026-10-06 se quitaron de las texturas de «osasuna», «osasuna_fuera», «pelotari» y «pelotari_rojo» (y sus versiones lod) los logotipos, patrocinadores, escudos y dorsales con tools/sinlogos.mjs (telas lisas); retratos y portadas rehechos;personajes elegibles, portada del menú, encierro, frontón y fútbol;ÁMBAR · uso comercial y titularidad según el plan de Meshy (VERIFICAR); colores lisos de las camisetas (VERIFICAR)
Personajes propios generados en Blender (char_protagonista, char_haritz, char_nerea + lod, caras y retratos);modelos 3D creados en este proyecto con el generador de tools/ y Blender;proyecto MENDIMENDIZ;—;obra propia;2026-09-30;—;—;avatar principal (Beñat/Ane), Haritz y Nerea;VERDE · documentar que se hicieron desde cero (sin bases de terceros)
Iconos 3D (105 webp en src/assets/icons3d);imágenes renderizadas por el propio juego a partir de geometría propia (tools/iconbake.mjs);proyecto MENDIMENDIZ;—;obra propia;2026-10-01;—;—;iconos de misiones, naturaleza, mochila y tiendas;VERDE
Fotos de las comarcas (12 webp pequeñas en src/assets/portadas para las tarjetas y 48 portadas en src/assets/portadas/heroe con cada personaje elegible dentro de la escena, tools/portadabake.mjs y tools/herobake.mjs);imágenes renderizadas por el propio juego a partir de sus dioramas 3D (geometría y texturas propias; tools/portadabake.mjs);proyecto MENDIMENDIZ;—;obra propia;2026-10-05;—;—;portada del menú, fondos del menú, tarjetas y cabeceras de comarca, fichas de pueblo y pantalla de carga;VERDE
Retratos de personajes (png en src/assets/*/portraits y src/assets/chars);imágenes renderizadas por el juego a partir de los modelos anteriores;proyecto MENDIMENDIZ (sobre KayKit CC0 y modelos propios);—;obra propia / CC0;2026-10-01;—;—;selector de personaje, diálogos;VERDE
Texturas de edificios, terreno, piedra, madera, agua y cielo;texturas procedurales (generadas con código, src/world/textures.js y afines);proyecto MENDIMENDIZ;—;obra propia;2026-09-29;—;—;todo el mundo 3D;VERDE
Sonidos y música;audio sintetizado en el navegador con Web Audio (sin archivos de terceros);proyecto MENDIMENDIZ;—;obra propia;2026-09-29;—;no se envía nada a ningún servidor (AudioContext local);efectos, aplausos, música de escena;VERDE
Iconos 2D (SVG en src/ui/icons.js, sellos en src/ui/art.js) e icono de la app (public/icon-*.png);dibujos vectoriales propios;proyecto MENDIMENDIZ;—;obra propia;2026-09-29;—;—;interfaz, mapa, pasaporte, manifest de la app;VERDE
Textos culturales de pueblos, iglesias y monumentos (src/data/levels.js, heritage.json, knowledge.json);textos redactados con palabras propias a partir de fuentes públicas;proyecto MENDIMENDIZ;baztan.eus, visitnavarra.es, museoetnologico.navarra.es (citadas en heritage.json);obra propia; fuentes solo consultadas;2026-09-29;—;resumidos y adaptados; no se copian párrafos;fichas de pueblos, sabios, pop-ups;ÁMBAR · falta el registro de verificación afirmación por afirmación (documento 9)
Personajes históricos (src/data/personajes.js: Sarasate, Gayarre, Blanca I, Francisco de Javier, Sancho VII, Martín de Azpilcueta, Benjamín de Tudela, Julia Álvarez Resano, «las golondrinas»; Miguel Induráin);biografías breves redactadas con palabras propias;proyecto MENDIMENDIZ;fuentes públicas (VERIFICAR y anotar cada una);obra propia;2026-10-01;—;—;misión «Personajes de Navarra»;ÁMBAR · Induráin es una persona viva: tratar con base documentada y sin imagen (ver informe)
Datos de montes (src/data/mountains.json: nombre, altitud, coordenadas, distancia y desnivel de la ruta);datos geográficos;proyecto MENDIMENDIZ a partir de fuentes públicas (VERIFICAR origen: IDENA / Mendikat / IGN);—;datos de hecho; licencia de la fuente a confirmar;2026-09-29;—;redondeados y simplificados («distancias aproximadas»);pantalla de cimas, misiones de montaña;ÁMBAR · anotar la fuente de cada capa y su licencia
Localidades y coordenadas (src/data/settlements.json, towns.json, comarcas.json);datos geográficos;proyecto MENDIMENDIZ a partir de fuentes públicas (VERIFICAR origen: IDENA / nomenclátor);—;datos de hecho; licencia de la fuente a confirmar;2026-09-29;—;solo nombre, comarca y coordenadas;mapa de Navarra;ÁMBAR · anotar la fuente y la licencia (Ley 37/2007)
Nombres, colores de equipación y campos de clubes de fútbol navarros (src/futbol/clubs.js);datos de hecho sobre entidades reales;proyecto MENDIMENDIZ a partir de fichas públicas (Federación Navarra de Fútbol, futbolme, Wikipedia);—;los nombres son marcas o signos de cada club;2026-10-03;—;sin escudos; tres clubes adaptados;Liga Navarra del juego;ROJO · R3 prohíbe nombres y equipaciones de clubes reales (ver informe)
Osasuna, El Sadar y la «entrenadora de la cantera de Osasuna» (src/futbol/rules.js, src/data/cast.js, src/data/levels.js, src/game/townGame.js, src/world/pamplonaOut.js);nombre y equipación de un club real y de su estadio;—;—;marca registrada de tercero;2026-10-02;—;—;fútbol en Pamplona, personaje elegible «Iker»;ROJO · R3 (ver informe)
Figuras de la comparsa de Pamplona («Caravinagre», gigantes y cabezudos) (src/data/levels.js);mención en un texto de misión;—;—;figuras de titularidad municipal (VERIFICAR si su representación visual tiene derechos);2026-10-02;—;solo se nombran; comprobar si se representan en 3D;misión de Pamplona;ÁMBAR
Minifiguras de bloques (src/actors/minifig.js y sus usos en people.js, portraits.js, stage.js);personajes procedurales del proyecto inicial;proyecto MENDIMENDIZ;—;obra propia;2026-09-29;—;rediseñados como figuras de dibujos animados (cabeza grande, cuerpo redondeado) según el comentario del archivo;personajes sin modelo GLB y retratos de anfitriones;ÁMBAR · comprobar visualmente que no recuerdan a LEGO y retirar el nombre «minifig»
